Metric,Cross-Validation (Mean),Test Set
F2-Score,0.8687714818256752,0.8773706499723808
Accuracy,N/A,0.8725
Precision,N/A,0.7343950680708965
Recall,N/A,0.922258064516129
ROC-AUC,N/A,0.9588285472183264
